{
  "accounts": {
    "development": {
      "public_dns_name_ingestion": "dev-ingest.cjsonline.gov.uk",
      "public_dns_name_web": "dev-pportal.cjsonline.gov.uk",
      "loadbalancer_cname_target": "devxplb",
      "bucket_prefix": "vm-import-s3-bucket",
      "importmachine-ami": "ami-03778fe8eef3985a7",
      "importmachine-data-snapshot": "snap-0281146c5951823fa",
      "infra1-ami": "ami-0636a37a2432d047d",
      "infra1-disk-1-snapshot": "snap-078d43138754490c0",
      "infra2-ami": "ami-061cdd849f697c23c",
      "infra6-ami": "ami-0b7ed6710e4850c23",
      "infra6-disk-1-snapshot": "snap-066a78a64ced07b37",
      "infra6-disk-2-snapshot": "snap-0a28e6b8cc9c3a090",
      "nat-instance-ami": "ami-087e7082959f51a02",
      "suprig01-ami": "ami-01dd45796854a1852",
      "suprig01-disk-1-snapshot": "snap-0ecd328cd041b81ec",
      "suprig01-disk-2-snapshot": "snap-00e1b7ce54810c10b",
      "suprig01-disk-3-snapshot": "snap-0afabe110ce7bbcb3",
      "suprig01-disk-4-snapshot": "snap-012230165449a9423",
      "suprig01-disk-5-snapshot": "snap-0e5ceff49f3016de3",
      "suprig01-disk-6-snapshot": "snap-0dcf311fdde368c3a",
      "suprig02-ami": "ami-086884b7122da9dba",
      "suprig03-ami": "ami-0b5d611c7d9e78545",
      "suprig04-ami": "ami-0e2734559a711c6e8",
      "suprig04-disk-1-snapshot": "snap-02f6069537faf46dd",
      "suprig05-ami": "ami-023807cc724df2fd5",
      "suprig05-disk-1-snapshot": "snap-0b6d529f807eb9a6a",
      "XHBPRESMS01-ami": "ami-0d97cd2809f84fedb",
      "buildserver-ami": "ami-0ab0d0d090270671f",
      "buildserver-disk-1-snapshot": "snap-0626f8276cc1afc2f"
    },
    "preproduction": {
      "public_dns_name_web"           : "prepportal.cjsonline.gov.uk",
      "public_dns_name_ingestion"     : "preingest.cjsonline.gov.uk",
      "loadbalancer_cname_target"     : "prexplb",
      "bucket_prefix"                 : "vm-import-s3-bucket",
      "importmachine-data-snapshot"   : "snap-0281146c5951823fa",
      "infra1-ami"                    : "ami-054c57cb9a02d4f2e",
      "infra1-disk-1-snapshot"        : "snap-078d43138754490c0",
      "infra2-ami"                    : "ami-07d32f21d6e6fb220",
      "infra6-ami"                    : "ami-0d773a490a10087c7",
      "infra6-disk-1-snapshot"        : "snap-066a78a64ced07b37",
      "infra6-disk-2-snapshot"        : "snap-0a28e6b8cc9c3a090",
      "suprig01-ami"                  : "ami-08c74caa0dcacc945",
      "suprig01-disk-1-snapshot"      : "snap-0ecd328cd041b81ec",
      "suprig01-disk-2-snapshot"      : "snap-00e1b7ce54810c10b",
      "suprig01-disk-3-snapshot"      : "snap-0afabe110ce7bbcb3",
      "suprig01-disk-4-snapshot"      : "snap-012230165449a9423",
      "suprig01-disk-5-snapshot"      : "snap-0e5ceff49f3016de3",
      "suprig01-disk-6-snapshot"      : "snap-0dcf311fdde368c3a",
      "suprig02-ami"                  : "ami-042c294b966dcd593",
      "suprig03-ami"                  : "ami-083f3b703d76173dc",
      "suprig04-ami"                  : "ami-085edc890e7ffe02a",
      "suprig04-disk-1-snapshot"      : "snap-02f6069537faf46dd",
      "suprig05-ami"                  : "ami-06fe32062ffab9cdf",
      "suprig05-disk-1-snapshot"      : "snap-0b6d529f807eb9a6a",
      "XHBPRESMS01-ami"               : "ami-0ff6a6bdd455e373d",
      "importmachine-ami"             : "ami-0b33dfec9e4072ca1",
      "buildserver-ami"               : "ami-0da5babad86576eb8",
      "buildserver-disk-1-snapshot"   : "snap-0b6d529f807eb9a6a"
    } ,
    "production": {
      "public_dns_name_web": "pportal.cjsonline.gov.uk",
      "bucket_prefix": "vm-import-s3-bucket",
      "loadbalancer_cname_target": "prodxplb",
      "infra1-ami": "ami-00126f1ee6e4b53d5",
      "infra1-disk-1-snapshot": "snap-04062c94536e2ad32",
      "infra2-ami": "ami-0fa0a460769bce135",
      "infra6-ami": "ami-08bbd0d8bd1b28c0f",
      "infra6-disk-1-snapshot": "snap-0d673a8e0275d4cee",
      "infra6-disk-2-snapshot": "snap-05b0d77cc6ac378cf",
      "nat-instance-ami": "ami-087e7082959f51a02",
      "public_dns_name_ingestion": "ingest.cjsonline.gov.uk",
      "suprig01-ami": "ami-0a543ca15ff461fd8",
      "suprig01-disk-1-snapshot": "snap-07d4b15959b58ca56",
      "suprig01-disk-2-snapshot": "snap-06926a90e4805a8e2",
      "suprig01-disk-3-snapshot": "snap-0cfa38c5618f40273",
      "suprig01-disk-4-snapshot": "snap-00becce5c8a6bf7dd",
      "suprig01-disk-5-snapshot": "snap-0ec81ad82475a842b",
      "suprig01-disk-6-snapshot": "snap-0dcf311fdde368c3a",
      "suprig02-ami": "ami-02a137595488292a7",
      "suprig03-ami": "ami-09934ac7eb9dec636",
      "suprig04-ami": "ami-0f806990f55fe5b7d",
      "suprig04-disk-1-snapshot": "snap-0760f5b4930750da0",
      "suprig05-ami": "ami-01327a16300009552",
      "suprig05-disk-1-snapshot": "snap-06d4a789cef32b50f",
      "XHBPRESMS01-ami": "ami-08e95e6dd80f16919",
      "importmachine-ami": "ami-0ec63a243d33a93b6",
      "importmachine-data-snapshot": "snap-03b55fd1c88eb7945",
      "buildserver-ami": "ami-0e52c25843d72f2a5",
      "buildserver-disk-1-snapshot": "snap-08b1c019201557295"
    }
  }
}
