{
    "accounts": {
        "development": {
            "key_name": "sprinkler-ec2",
            "region": "eu-west-2",
            "ecs_type": "FARGATE",
            "rds_storage": 5,
            "rds_postgresql_version": "12.7",
            "rds_instance_class": "db.t3.micro"

        },
        "production": {
            "key_name": "sprinkler-ec2",
            "region": "eu-west-2",
            "ecs_type": "FARGATE",
            "rds_storage": 5,
            "rds_postgresql_version": "12.7",
            "rds_instance_class": "db.t3.micro"
        }
    }
}